,ID_venta,fecha_venta,producto,zona,venta,vendedor,cliente
0,1026,2017-01-01,Terreno,Sur,1231262,LAURA,Bienes de Occidente
1,1058,2017-01-12,Terreno,Sur,1919827,MIRIAM,Bienestar Land
2,1068,2017-01-18,Terreno,Sur,1471197,ANTONIO,Mart B & C
3,1075,2017-01-20,Terreno,Sur,2275050,DANIEL,Agora e Tudo MM
4,1111,2017-02-03,Terreno,Sur,372447,JOSE ANTONIO,Pacifico Norte & CO
5,1128,2017-02-11,Terreno,Sur,1859480,FRANCISCO,Bienestar Land
6,1131,2017-02-12,Terreno,Sur,795912,MIGUEL,Tierra y Paz
7,1246,2017-03-18,Terreno,Sur,367132,MARIA TERESA,The LandLord
8,1249,2017-03-19,Terreno,Sur,500148,JOSE LUIS,Tierra y Paz
9,1328,2017-04-17,Terreno,Sur,2306031,JUAN MANUEL,Mart B & C
10,1342,2017-04-22,Terreno,Sur,1698664,JOSE,JKP Asesores
11,1379,2017-05-03,Terreno,Sur,1013523,JOAQUIN,Honduland
12,1385,2017-05-05,Terreno,Sur,2066064,ALEJANDRO,Bienes de Occidente
13,1406,2017-05-12,Terreno,Sur,1531222,JOSE,Bienestar Land
14,1408,2017-05-13,Terreno,Sur,1384355,JUAN MANUEL,Too & A
15,1425,2017-05-20,Terreno,Sur,516159,EVA MARIA,Bienestar Land
16,1484,2017-06-10,Terreno,Sur,2677590,MARIA ISABEL,Pacifico Norte & CO
17,1490,2017-06-13,Terreno,Sur,691712,ANTONIA,Tierra y Paz
18,1552,2017-07-07,Terreno,Sur,436428,DIEGO,Bienes de Occidente
19,1570,2017-07-14,Terreno,Sur,347931,MARIA ELENA,Bienes de Occidente
20,1592,2017-07-21,Terreno,Sur,1107864,VICTOR,Agora e Tudo MM
21,1627,2017-08-03,Terreno,Sur,1202705,JOSE LUIS,Too & A
22,1637,2017-08-05,Terreno,Sur,829808,JOSE ANTONIO,Agora e Tudo MM
23,1658,2017-08-13,Terreno,Sur,1643256,MIRIAM,Mart B & C
24,1663,2017-08-15,Terreno,Sur,986048,MARIA TERESA,Bienestar Land
25,1700,2017-08-31,Terreno,Sur,1150128,ANA BELEN,Agora e Tudo MM
26,1709,2017-09-04,Terreno,Sur,842683,INES,JKP Asesores
27,1746,2017-09-16,Terreno,Sur,1540140,JAVIER,Honduland
28,1823,2017-10-12,Terreno,Sur,2334123,CARLOS,Pacifico Norte & CO
29,1836,2017-10-17,Terreno,Sur,745864,JOAQUIN,Bienes de Occidente
30,1850,2017-10-25,Terreno,Sur,991900,MIRIAM,Pacifico Norte & CO
31,1862,2017-10-30,Terreno,Sur,2221329,DAVID,Honduland
32,1887,2017-11-10,Terreno,Sur,692484,CARLOS,Agora e Tudo MM
33,1903,2017-11-16,Terreno,Sur,1213505,MIGUEL,Bienestar Land
34,2017,2017-12-28,Terreno,Sur,1329968,MIGUEL,Mart B & C
35,1062,2017-01-15,Terreno,Centro,652052,JAVIER,Bienestar Land
36,1087,2017-01-23,Terreno,Centro,1199730,CRISTINA,The LandLord
37,1105,2017-01-31,Terreno,Centro,541648,MARIA JOSE,Too & A
38,1109,2017-02-02,Terreno,Centro,2064634,MARIO,Tierra y Paz
39,1113,2017-02-03,Terreno,Centro,1323353,ALVARO,Too & A
40,1178,2017-02-24,Terreno,Centro,1468614,VICTOR,Tierra y Paz
41,1220,2017-03-09,Terreno,Centro,438480,MARTA,Pacifico Norte & CO
42,1224,2017-03-10,Terreno,Centro,1070740,VICTOR,Bienes de Occidente
43,1271,2017-03-27,Terreno,Centro,1730876,ALEJANDRO,The LandLord
44,1332,2017-04-18,Terreno,Centro,1619122,LUCIA,The LandLord
45,1344,2017-04-22,Terreno,Centro,1500240,MARIO,Honduland
46,1359,2017-04-26,Terreno,Centro,1059328,JAVIER,Pacifico Norte & CO
47,1360,2017-04-26,Terreno,Centro,1201480,INES,Agora e Tudo MM
48,1382,2017-05-03,Terreno,Centro,1352096,MARTA,Pacifico Norte & CO
49,1423,2017-05-20,Terreno,Centro,1240400,CRISTINA,Bienes de Occidente
50,1434,2017-05-24,Terreno,Centro,572984,ANTONIO,The LandLord
51,1446,2017-05-27,Terreno,Centro,470988,ALVARO,Mart B & C
52,1463,2017-06-04,Terreno,Centro,1591584,EVA MARIA,Pacifico Norte & CO
53,1507,2017-06-19,Terreno,Centro,716260,MARTA,Too & A
54,1510,2017-06-19,Terreno,Centro,763329,JESUS,JKP Asesores
55,1527,2017-06-27,Terreno,Centro,400600,ANA,Tierra y Paz
56,1591,2017-07-21,Terreno,Centro,1627920,JAIME,Mart B & C
57,1640,2017-08-06,Terreno,Centro,1297134,MIRIAM,Mart B & C
58,1717,2017-09-06,Terreno,Centro,824517,MARIA ISABEL,Tierra y Paz
59,1724,2017-09-07,Terreno,Centro,1798470,MIGUEL,Mart B & C
60,1731,2017-09-09,Terreno,Centro,2143922,MARIA JOSE,Pacifico Norte & CO
61,1776,2017-09-28,Terreno,Centro,2215117,MARIA DOLORES,JKP Asesores
62,1787,2017-09-30,Terreno,Centro,2669472,ANTONIA,Agora e Tudo MM
63,1844,2017-10-20,Terreno,Centro,658157,JUAN,Mart B & C
64,1851,2017-10-25,Terreno,Centro,957582,MARTA,JKP Asesores
65,1867,2017-10-31,Terreno,Centro,514596,ALEJANDRO,Bienestar Land
66,1873,2017-11-02,Terreno,Centro,1162172,MARIA TERESA,Pacifico Norte & CO
67,1909,2017-11-18,Terreno,Centro,508606,DOLORES,Pacifico Norte & CO
68,1924,2017-11-22,Terreno,Centro,2613405,ANA BELEN,Mart B & C
69,2009,2017-12-24,Terreno,Centro,927627,MARIA JOSE,Tierra y Paz
70,2019,2017-12-29,Terreno,Centro,1347420,DANIELA,JKP Asesores
71,1045,2017-01-08,Terreno,Oeste,2402920,MARIA ELENA,Honduland
72,1071,2017-01-18,Terreno,Oeste,1134452,DANIELA,Mart B & C
73,1084,2017-01-22,Terreno,Oeste,1370138,FRANCISCA,Bienes de Occidente
74,1093,2017-01-28,Terreno,Oeste,2209344,FRANCISCO JAVIER,Bienes de Occidente
75,1183,2017-02-26,Terreno,Oeste,360540,ALVARO,The LandLord
76,1188,2017-02-28,Terreno,Oeste,375813,JOSE LUIS,Bienes de Occidente
77,1190,2017-02-28,Terreno,Oeste,1401633,ANA,Too & A
78,1223,2017-03-09,Terreno,Oeste,1805475,CRISTINA,Too & A
79,1225,2017-03-11,Terreno,Oeste,785068,MARIA JOSE,JKP Asesores
80,1245,2017-03-17,Terreno,Oeste,1477428,ALEJANDRO,Mart B & C
81,1257,2017-03-22,Terreno,Oeste,1149525,MARIO,Pacifico Norte & CO
82,1286,2017-04-02,Terreno,Oeste,2872287,ALEJANDRO,Pacifico Norte & CO
83,1389,2017-05-05,Terreno,Oeste,1892772,JOAQUIN,JKP Asesores
84,1405,2017-05-12,Terreno,Oeste,493166,MIGUEL,JKP Asesores
85,1422,2017-05-19,Terreno,Oeste,1132230,MARIA JOSE,Pacifico Norte & CO
86,1427,2017-05-21,Terreno,Oeste,2228439,VICTOR,Mart B & C
87,1440,2017-05-25,Terreno,Oeste,1504755,SANTIAGO,JKP Asesores
88,1458,2017-06-02,Terreno,Oeste,1691085,MARIA TERESA,JKP Asesores
89,1477,2017-06-09,Terreno,Oeste,364270,MARIA ROSA,Too & A
90,1536,2017-07-01,Terreno,Oeste,361759,ALEJANDRO,Bienes de Occidente
91,1620,2017-08-01,Terreno,Oeste,375592,MARIO,Bienes de Occidente
92,1628,2017-08-03,Terreno,Oeste,2440449,ANTONIA,Pacifico Norte & CO
93,1646,2017-08-08,Terreno,Oeste,1147608,LAURA,JKP Asesores
94,1687,2017-08-26,Terreno,Oeste,700854,MARIA ELENA,The LandLord
95,1690,2017-08-27,Terreno,Oeste,681884,MARIA JOSE,Bienes de Occidente
96,1735,2017-09-11,Terreno,Oeste,1430352,MARIO,The LandLord
97,1742,2017-09-14,Terreno,Oeste,428190,JAIME,Tierra y Paz
98,1751,2017-09-18,Terreno,Oeste,1758786,MANUEL,Mart B & C
99,1784,2017-09-30,Terreno,Oeste,809115,CRISTINA,JKP Asesores
100,1788,2017-09-30,Terreno,Oeste,658835,EVA MARIA,Mart B & C
101,1883,2017-11-06,Terreno,Oeste,1508988,ANTONIA,The LandLord
102,1894,2017-11-11,Terreno,Oeste,426880,FRANCISCO,Pacifico Norte & CO
103,1918,2017-11-20,Terreno,Oeste,301815,FRANCISCA,Tierra y Paz
104,1927,2017-11-23,Terreno,Oeste,187680,JUAN,Mart B & C
105,1953,2017-12-03,Terreno,Oeste,2103000,MARTA,Tierra y Paz
106,1973,2017-12-14,Terreno,Oeste,490507,JESUS,JKP Asesores
107,1974,2017-12-14,Terreno,Oeste,387828,MARIA ELENA,Honduland
108,1987,2017-12-18,Terreno,Oeste,875978,DANIELA,Bienestar Land
109,2006,2017-12-24,Terreno,Oeste,1774528,JUAN,Too & A
110,2015,2017-12-27,Terreno,Oeste,1407726,ALVARO,Agora e Tudo MM
111,1051,2017-01-09,Terreno,Norte,1940448,EVA MARIA,Too & A
112,1070,2017-01-18,Terreno,Norte,1162784,MIRIAM,Agora e Tudo MM
113,1076,2017-01-20,Terreno,Norte,298368,JUAN,Honduland
114,1118,2017-02-06,Terreno,Norte,2741308,ANA BELEN,Pacifico Norte & CO
115,1141,2017-02-13,Terreno,Norte,1601334,CRISTINA,Bienes de Occidente
116,1164,2017-02-19,Terreno,Norte,750984,MIGUEL,Agora e Tudo MM
117,1167,2017-02-20,Terreno,Norte,1076464,MARIA ROSA,The LandLord
118,1233,2017-03-14,Terreno,Norte,820776,ALEJANDRO,The LandLord
119,1267,2017-03-26,Terreno,Norte,349720,JUAN JOSE,Bienestar Land
120,1308,2017-04-12,Terreno,Norte,1004707,MARIA TERESA,JKP Asesores
121,1309,2017-04-12,Terreno,Norte,574200,DANIEL,Too & A
122,1315,2017-04-14,Terreno,Norte,1035416,JUAN MANUEL,Mart B & C
123,1369,2017-04-29,Terreno,Norte,976384,DIEGO,The LandLord
124,1438,2017-05-25,Terreno,Norte,1001376,CRISTINA,Tierra y Paz
125,1472,2017-06-07,Terreno,Norte,1250952,MARTA,Bienes de Occidente
126,1476,2017-06-08,Terreno,Norte,2172232,LORENA,Too & A
127,1544,2017-07-03,Terreno,Norte,1573493,DANIELA,Tierra y Paz
128,1564,2017-07-12,Terreno,Norte,1983840,JESUS,Honduland
129,1582,2017-07-18,Terreno,Norte,2463021,ANA,Too & A
130,1587,2017-07-20,Terreno,Norte,478639,LORENA,Honduland
131,1595,2017-07-22,Terreno,Norte,645408,EDUARDO,JKP Asesores
132,1597,2017-07-23,Terreno,Norte,1656064,VICTOR,Tierra y Paz
133,1607,2017-07-28,Terreno,Norte,437674,JOSE LUIS,Too & A
134,1629,2017-08-03,Terreno,Norte,942579,JUAN MANUEL,Too & A
135,1639,2017-08-06,Terreno,Norte,2155200,DOLORES,Pacifico Norte & CO
136,1651,2017-08-11,Terreno,Norte,592823,JUAN,Bienes de Occidente
137,1712,2017-09-05,Terreno,Norte,907580,DOLORES,Mart B & C
138,1758,2017-09-21,Terreno,Norte,403401,ANA,The LandLord
139,1767,2017-09-26,Terreno,Norte,764240,ANTONIA,Honduland
140,1837,2017-10-17,Terreno,Norte,237176,SANTIAGO,Mart B & C
141,1858,2017-10-27,Terreno,Norte,536733,DAVID,Pacifico Norte & CO
142,1908,2017-11-18,Terreno,Norte,472668,MARIA ANGELES,Tierra y Paz
143,1958,2017-12-06,Terreno,Norte,1536832,EVA MARIA,Bienes de Occidente
144,1965,2017-12-10,Terreno,Norte,293949,DOLORES,Honduland
145,2031,2017-12-31,Terreno,Norte,1450425,FRANCISCO,Pacifico Norte & CO
146,1040,2017-01-06,Oficina,Sur,1315440,JUAN JOSE,Bienes de Occidente
147,1077,2017-01-20,Oficina,Sur,1911604,JOAQUIN,Mart B & C
148,1090,2017-01-25,Oficina,Sur,1816793,MARIA JOSE,JKP Asesores
149,1095,2017-01-29,Oficina,Sur,1772700,DANIEL,Bienestar Land
150,1119,2017-02-07,Oficina,Sur,1912482,SANTIAGO,The LandLord
151,1134,2017-02-12,Oficina,Sur,879254,ALVARO,JKP Asesores
152,1151,2017-02-15,Oficina,Sur,1308398,MARIA TERESA,Agora e Tudo MM
153,1200,2017-03-03,Oficina,Sur,474600,JAIME,Honduland
154,1205,2017-03-04,Oficina,Sur,2105079,SANTIAGO,Tierra y Paz
155,1221,2017-03-09,Oficina,Sur,2032295,DANIEL,Honduland
156,1232,2017-03-13,Oficina,Sur,949578,VICTOR,Too & A
157,1251,2017-03-20,Oficina,Sur,730350,JUAN,Bienes de Occidente
158,1294,2017-04-04,Oficina,Sur,480318,FRANCISCA,Pacifico Norte & CO
159,1346,2017-04-22,Oficina,Sur,333650,MARIA VICTORIA,Honduland
160,1347,2017-04-23,Oficina,Sur,950015,LUCIA,Agora e Tudo MM
161,1374,2017-05-01,Oficina,Sur,1287210,FRANCISCA,Agora e Tudo MM
162,1404,2017-05-12,Oficina,Sur,1453428,EDUARDO,The LandLord
163,1424,2017-05-20,Oficina,Sur,1583785,DANIELA,JKP Asesores
164,1534,2017-06-29,Oficina,Sur,1742293,DOLORES,Honduland
165,1557,2017-07-09,Oficina,Sur,1582845,JESUS,Agora e Tudo MM
166,1572,2017-07-15,Oficina,Sur,1716300,INES,Bienestar Land
167,1573,2017-07-15,Oficina,Sur,1271388,ADRIAN,Bienes de Occidente
168,1626,2017-08-02,Oficina,Sur,1209216,DAVID,Pacifico Norte & CO
169,1631,2017-08-04,Oficina,Sur,1900200,MARIA ELENA,Pacifico Norte & CO
170,1644,2017-08-07,Oficina,Sur,2384954,CARLOS,Bienes de Occidente
171,1649,2017-08-11,Oficina,Sur,906780,EDUARDO,Honduland
172,1655,2017-08-12,Oficina,Sur,375232,JUAN MANUEL,Tierra y Paz
173,1667,2017-08-19,Oficina,Sur,843106,JOAQUIN,Mart B & C
174,1710,2017-09-04,Oficina,Sur,2074000,MARIA ELENA,Bienestar Land
175,1711,2017-09-05,Oficina,Sur,1424436,JESUS,JKP Asesores
176,1718,2017-09-06,Oficina,Sur,1911424,MANUEL,Tierra y Paz
177,1720,2017-09-07,Oficina,Sur,1668526,ANA BELEN,Pacifico Norte & CO
178,1725,2017-09-08,Oficina,Sur,943805,CARLOS,Too & A
179,1760,2017-09-22,Oficina,Sur,683844,JESUS,Bienestar Land
180,1778,2017-09-29,Oficina,Sur,1929228,JUAN JOSE,JKP Asesores
181,1792,2017-10-02,Oficina,Sur,804540,ADRIAN,Pacifico Norte & CO
182,1798,2017-10-03,Oficina,Sur,1522998,MARIO,Honduland
183,1814,2017-10-09,Oficina,Sur,346192,JOSE,The LandLord
184,1828,2017-10-13,Oficina,Sur,1687604,JOSE,Bienes de Occidente
185,1884,2017-11-07,Oficina,Sur,2216214,DANIEL,The LandLord
186,1891,2017-11-10,Oficina,Sur,499735,MIGUEL,Agora e Tudo MM
187,1966,2017-12-10,Oficina,Sur,270996,DOLORES,Too & A
188,1976,2017-12-14,Oficina,Sur,1393095,DANIELA,Pacifico Norte & CO
189,1995,2017-12-20,Oficina,Sur,2263626,MARIA ELENA,Agora e Tudo MM
190,2028,2017-12-31,Oficina,Sur,680760,DAVID,JKP Asesores
191,2029,2017-12-31,Oficina,Sur,1176209,MARIA JOSE,Too & A
192,1041,2017-01-06,Oficina,Centro,1732302,ANA,Bienestar Land
193,1069,2017-01-18,Oficina,Centro,1065744,FRANCISCA,Mart B & C
194,1162,2017-02-19,Oficina,Centro,698301,DAVID,Too & A
195,1170,2017-02-21,Oficina,Centro,744480,VICTOR,Honduland
196,1241,2017-03-16,Oficina,Centro,630608,JUAN,Bienes de Occidente
197,1314,2017-04-14,Oficina,Centro,1205864,MIRIAM,Honduland
198,1335,2017-04-19,Oficina,Centro,954930,INES,Tierra y Paz
199,1358,2017-04-26,Oficina,Centro,2474494,LORENA,Mart B & C
200,1361,2017-04-27,Oficina,Centro,1179612,FRANCISCA,Agora e Tudo MM
201,1481,2017-06-10,Oficina,Centro,1344933,DIEGO,Tierra y Paz
202,1525,2017-06-27,Oficina,Centro,2283372,LORENA,Honduland
203,1602,2017-07-25,Oficina,Centro,756355,DOLORES,Bienes de Occidente
204,1618,2017-08-01,Oficina,Centro,990360,SANTIAGO,JKP Asesores
205,1647,2017-08-09,Oficina,Centro,2888325,LUCIA,Too & A
206,1670,2017-08-20,Oficina,Centro,1499889,DANIELA,Mart B & C
207,1705,2017-09-03,Oficina,Centro,1429020,ALVARO,Tierra y Paz
208,1740,2017-09-13,Oficina,Centro,598705,DIEGO,Mart B & C
209,1771,2017-09-28,Oficina,Centro,1779825,MARIA JOSE,Pacifico Norte & CO
210,1841,2017-10-19,Oficina,Centro,452417,MANUEL,Mart B & C
211,1900,2017-11-13,Oficina,Centro,1116587,FRANCISCO,Bienestar Land
212,1906,2017-11-17,Oficina,Centro,416430,SANTIAGO,Pacifico Norte & CO
213,1917,2017-11-20,Oficina,Centro,426010,ADRIAN,Agora e Tudo MM
214,1938,2017-11-26,Oficina,Centro,783860,INES,Tierra y Paz
215,1977,2017-12-15,Oficina,Centro,1395387,MARIA VICTORIA,Tierra y Paz
216,1998,2017-12-21,Oficina,Centro,2303928,MARIA ELENA,Tierra y Paz
217,1096,2017-01-29,Oficina,Oeste,539392,DOLORES,Bienes de Occidente
218,1120,2017-02-07,Oficina,Oeste,1707660,ANTONIA,Bienestar Land
219,1152,2017-02-16,Oficina,Oeste,1966272,FRANCISCA,Tierra y Paz
220,1157,2017-02-17,Oficina,Oeste,1614170,JOSE LUIS,JKP Asesores
221,1175,2017-02-23,Oficina,Oeste,484592,EDUARDO,Bienestar Land
222,1283,2017-04-01,Oficina,Oeste,812660,MANUEL,Agora e Tudo MM
223,1299,2017-04-06,Oficina,Oeste,1702590,JUAN JOSE,Tierra y Paz
224,1321,2017-04-15,Oficina,Oeste,2478566,DIEGO,Bienes de Occidente
225,1337,2017-04-20,Oficina,Oeste,493971,INES,Too & A
226,1341,2017-04-22,Oficina,Oeste,1007688,LUCIA,Tierra y Paz
227,1395,2017-05-07,Oficina,Oeste,1923264,ANA,Tierra y Paz
228,1461,2017-06-03,Oficina,Oeste,563085,MARTA,Agora e Tudo MM
229,1486,2017-06-12,Oficina,Oeste,1121906,LAURA,The LandLord
230,1518,2017-06-25,Oficina,Oeste,1456999,EVA MARIA,Mart B & C
231,1533,2017-06-28,Oficina,Oeste,540452,FRANCISCO,Bienestar Land
232,1562,2017-07-12,Oficina,Oeste,583638,MARIA ANGELES,Mart B & C
233,1578,2017-07-17,Oficina,Oeste,1723040,MARIA VICTORIA,Honduland
234,1588,2017-07-20,Oficina,Oeste,2170945,ANA,Tierra y Paz
235,1594,2017-07-22,Oficina,Oeste,568880,DAVID,Bienestar Land
236,1694,2017-08-28,Oficina,Oeste,1826825,MARIA DOLORES,Honduland
237,1739,2017-09-13,Oficina,Oeste,838292,FRANCISCA,Bienes de Occidente
238,1750,2017-09-18,Oficina,Oeste,474084,MARIA ROSA,Too & A
239,1763,2017-09-24,Oficina,Oeste,678132,ANTONIA,Pacifico Norte & CO
240,1775,2017-09-28,Oficina,Oeste,446313,FRANCISCA,Agora e Tudo MM
241,1777,2017-09-29,Oficina,Oeste,1512738,MARIA ROSA,Too & A
242,1790,2017-10-01,Oficina,Oeste,2184364,ADRIAN,Honduland
243,1794,2017-10-02,Oficina,Oeste,970314,FRANCISCO,Agora e Tudo MM
244,1807,2017-10-06,Oficina,Oeste,1244056,FRANCISCO JAVIER,JKP Asesores
245,1809,2017-10-08,Oficina,Oeste,1382707,INES,Tierra y Paz
246,1813,2017-10-09,Oficina,Oeste,2010312,FRANCISCA,Bienes de Occidente
247,1815,2017-10-09,Oficina,Oeste,686232,EDUARDO,Bienes de Occidente
248,1878,2017-11-05,Oficina,Oeste,974610,INES,Tierra y Paz
249,1932,2017-11-24,Oficina,Oeste,795696,FRANCISCO JAVIER,Too & A
250,1944,2017-11-28,Oficina,Oeste,1527120,CARLOS,The LandLord
251,1981,2017-12-17,Oficina,Oeste,425565,MARIA ELENA,Bienestar Land
252,1993,2017-12-20,Oficina,Oeste,2110342,DANIELA,Mart B & C
253,2023,2017-12-30,Oficina,Oeste,763233,MARTA,Tierra y Paz
254,1036,2017-01-04,Oficina,Norte,1636560,MARIA ROSA,JKP Asesores
255,1055,2017-01-11,Oficina,Norte,1250408,ANTONIA,Pacifico Norte & CO
256,1080,2017-01-21,Oficina,Norte,2279354,MARIO,Bienes de Occidente
257,1103,2017-01-31,Oficina,Norte,932250,VICTOR,The LandLord
258,1110,2017-02-02,Oficina,Norte,924990,MIGUEL,Mart B & C
259,1116,2017-02-05,Oficina,Norte,493632,INES,The LandLord
260,1173,2017-02-22,Oficina,Norte,463306,FRANCISCO JAVIER,The LandLord
261,1211,2017-03-06,Oficina,Norte,935694,MARIA DOLORES,Bienestar Land
262,1234,2017-03-14,Oficina,Norte,848888,DOLORES,Honduland
263,1322,2017-04-15,Oficina,Norte,2396835,DAVID,JKP Asesores
264,1357,2017-04-25,Oficina,Norte,1827420,MARTA,Bienes de Occidente
265,1397,2017-05-07,Oficina,Norte,1623217,MIRIAM,Mart B & C
266,1429,2017-05-22,Oficina,Norte,1046800,LUCIA,Agora e Tudo MM
267,1520,2017-06-25,Oficina,Norte,999950,JUAN MANUEL,Tierra y Paz
268,1523,2017-06-26,Oficina,Norte,1454232,ANTONIO,Bienes de Occidente
269,1531,2017-06-28,Oficina,Norte,2325766,JUAN JOSE,Bienestar Land
270,1541,2017-07-03,Oficina,Norte,1045816,MARIA VICTORIA,Bienestar Land
271,1609,2017-07-29,Oficina,Norte,563255,ANA BELEN,Agora e Tudo MM
272,1692,2017-08-27,Oficina,Norte,391950,FRANCISCO,Too & A
273,1808,2017-10-06,Oficina,Norte,735945,LAURA,Too & A
274,1818,2017-10-10,Oficina,Norte,2063460,ADRIAN,Pacifico Norte & CO
275,1824,2017-10-12,Oficina,Norte,2136184,MARIA ISABEL,Bienes de Occidente
276,1846,2017-10-23,Oficina,Norte,1597360,CARLOS,Agora e Tudo MM
277,1857,2017-10-27,Oficina,Norte,2394204,EVA MARIA,The LandLord
278,1876,2017-11-05,Oficina,Norte,1370998,EVA MARIA,The LandLord
279,1905,2017-11-16,Oficina,Norte,756900,ADRIAN,The LandLord
280,1914,2017-11-19,Oficina,Norte,914641,JUAN MANUEL,Bienes de Occidente
281,1945,2017-11-30,Oficina,Norte,1545720,INES,Pacifico Norte & CO
282,1968,2017-12-12,Oficina,Norte,1732446,DIEGO,Tierra y Paz
283,1980,2017-12-17,Oficina,Norte,2671748,MARTA,The LandLord
284,2025,2017-12-30,Oficina,Norte,1499678,MIGUEL,Honduland
285,1047,2017-01-08,Local,Sur,949693,JOSE LUIS,Bienestar Land
286,1049,2017-01-09,Local,Sur,672987,MARIA ELENA,Pacifico Norte & CO
287,1054,2017-01-11,Local,Sur,2138771,EVA MARIA,Honduland
288,1063,2017-01-16,Local,Sur,1886541,MARIA ANGELES,JKP Asesores
289,1078,2017-01-21,Local,Sur,1850644,JOSE,Honduland
290,1146,2017-02-14,Local,Sur,1090782,ANTONIA,Bienestar Land
291,1148,2017-02-15,Local,Sur,984192,MARIA VICTORIA,Bienestar Land
292,1158,2017-02-17,Local,Sur,2436448,LAURA,Agora e Tudo MM
293,1180,2017-02-25,Local,Sur,354270,MIGUEL,Mart B & C
294,1199,2017-03-03,Local,Sur,235746,ANA BELEN,Bienes de Occidente
295,1204,2017-03-04,Local,Sur,2151435,MARIA ISABEL,Honduland
296,1236,2017-03-15,Local,Sur,841232,EVA MARIA,Pacifico Norte & CO
297,1244,2017-03-17,Local,Sur,1152718,LORENA,Mart B & C
298,1252,2017-03-20,Local,Sur,867636,LORENA,Agora e Tudo MM
299,1398,2017-05-07,Local,Sur,899014,VICTOR,Bienestar Land
300,1413,2017-05-15,Local,Sur,742848,JESUS,Pacifico Norte & CO
301,1447,2017-05-28,Local,Sur,567072,ALVARO,Tierra y Paz
302,1480,2017-06-10,Local,Sur,1053628,DIEGO,Too & A
303,1483,2017-06-10,Local,Sur,368384,ANA,Bienes de Occidente
304,1485,2017-06-11,Local,Sur,1484028,MANUEL,Honduland
305,1608,2017-07-29,Local,Sur,740731,MARIA ROSA,Agora e Tudo MM
306,1661,2017-08-14,Local,Sur,509356,FRANCISCO,Bienestar Land
307,1679,2017-08-24,Local,Sur,663845,MARIA DOLORES,Honduland
308,1732,2017-09-09,Local,Sur,415866,MARTA,Pacifico Norte & CO
309,1734,2017-09-10,Local,Sur,974956,LUCIA,Mart B & C
310,1766,2017-09-26,Local,Sur,2299374,ANTONIO,Tierra y Paz
311,1795,2017-10-02,Local,Sur,1420160,ANTONIA,Agora e Tudo MM
312,1802,2017-10-04,Local,Sur,909606,EVA MARIA,Bienestar Land
313,1812,2017-10-09,Local,Sur,945624,ALVARO,Mart B & C
314,1893,2017-11-10,Local,Sur,526680,ANTONIO,The LandLord
315,1897,2017-11-12,Local,Sur,421290,JOSE LUIS,Agora e Tudo MM
316,1957,2017-12-05,Local,Sur,2868470,DOLORES,Honduland
317,1986,2017-12-18,Local,Sur,940500,LORENA,Mart B & C
318,2004,2017-12-23,Local,Sur,296856,FRANCISCA,Pacifico Norte & CO
319,2007,2017-12-24,Local,Sur,402462,MARTA,Too & A
320,2026,2017-12-31,Local,Sur,1109808,ANTONIA,Honduland
321,1073,2017-01-19,Local,Centro,2083866,DOLORES,Agora e Tudo MM
322,1082,2017-01-22,Local,Centro,1615128,VICTOR,Bienestar Land
323,1083,2017-01-22,Local,Centro,1332030,DANIEL,Agora e Tudo MM
324,1091,2017-01-25,Local,Centro,943800,MARIA JOSE,Pacifico Norte & CO
325,1097,2017-01-29,Local,Centro,771108,FRANCISCO,The LandLord
326,1171,2017-02-21,Local,Centro,647280,JUAN MANUEL,The LandLord
327,1207,2017-03-04,Local,Centro,1531000,MARIA ROSA,Mart B & C
328,1264,2017-03-25,Local,Centro,1843074,LORENA,Tierra y Paz
329,1266,2017-03-25,Local,Centro,363261,MARIA VICTORIA,Too & A
330,1305,2017-04-11,Local,Centro,778141,MARIA ROSA,Bienestar Land
331,1317,2017-04-14,Local,Centro,375999,FRANCISCA,Mart B & C
332,1339,2017-04-21,Local,Centro,716793,JOSE,Agora e Tudo MM
333,1340,2017-04-21,Local,Centro,1033548,JAVIER,JKP Asesores
334,1362,2017-04-27,Local,Centro,1441188,JOAQUIN,Agora e Tudo MM
335,1368,2017-04-29,Local,Centro,183105,ANA,Agora e Tudo MM
336,1378,2017-05-02,Local,Centro,1543428,MARIA ELENA,Pacifico Norte & CO
337,1393,2017-05-06,Local,Centro,305756,MIGUEL,Tierra y Paz
338,1407,2017-05-13,Local,Centro,1864000,CRISTINA,Agora e Tudo MM
339,1410,2017-05-15,Local,Centro,662000,EVA MARIA,The LandLord
340,1420,2017-05-18,Local,Centro,1040871,VICTOR,Honduland
341,1456,2017-06-02,Local,Centro,2190752,VICTOR,Pacifico Norte & CO
342,1468,2017-06-06,Local,Centro,1297686,MARIA ROSA,Agora e Tudo MM
343,1539,2017-07-01,Local,Centro,850368,SANTIAGO,Mart B & C
344,1549,2017-07-05,Local,Centro,519259,JOSE,Mart B & C
345,1567,2017-07-13,Local,Centro,2057496,MANUEL,Tierra y Paz
346,1569,2017-07-14,Local,Centro,2202837,ANTONIO,The LandLord
347,1624,2017-08-01,Local,Centro,281548,JUAN MANUEL,Mart B & C
348,1632,2017-08-04,Local,Centro,404352,ALEJANDRO,Bienestar Land
349,1676,2017-08-24,Local,Centro,2181353,ANTONIA,Bienes de Occidente
350,1716,2017-09-06,Local,Centro,1031305,MARIA JOSE,Bienestar Land
351,1730,2017-09-09,Local,Centro,1490114,MARIO,Bienes de Occidente
352,1741,2017-09-13,Local,Centro,441373,LORENA,Mart B & C
353,1769,2017-09-28,Local,Centro,549668,MARIA VICTORIA,Agora e Tudo MM
354,1785,2017-09-30,Local,Centro,257725,JOSE ANTONIO,Too & A
355,1831,2017-10-14,Local,Centro,991224,EDUARDO,Mart B & C
356,1835,2017-10-16,Local,Centro,511840,JAIME,Tierra y Paz
357,1847,2017-10-24,Local,Centro,1499134,INES,Pacifico Norte & CO
358,1877,2017-11-05,Local,Centro,1093887,VICTOR,JKP Asesores
359,1890,2017-11-10,Local,Centro,2070750,MARIA JOSE,Agora e Tudo MM
360,1904,2017-11-16,Local,Centro,1601600,JUAN,Too & A
361,1919,2017-11-20,Local,Centro,363968,ALEJANDRO,Honduland
362,1963,2017-12-09,Local,Centro,536679,JOSE LUIS,Honduland
363,1984,2017-12-18,Local,Centro,701250,JOSE,Bienes de Occidente
364,1991,2017-12-19,Local,Centro,2456958,ALVARO,The LandLord
365,2000,2017-12-22,Local,Centro,456672,LAURA,Agora e Tudo MM
366,1059,2017-01-13,Local,Oeste,573230,LORENA,The LandLord
367,1079,2017-01-21,Local,Oeste,777686,VICTOR,Agora e Tudo MM
368,1106,2017-02-01,Local,Oeste,1279434,LORENA,Mart B & C
369,1123,2017-02-08,Local,Oeste,879357,JAVIER,Pacifico Norte & CO
370,1129,2017-02-11,Local,Oeste,899640,FRANCISCO JAVIER,Bienestar Land
371,1172,2017-02-21,Local,Oeste,1697640,ANA,Bienestar Land
372,1295,2017-04-04,Local,Oeste,899228,ANA BELEN,The LandLord
373,1312,2017-04-13,Local,Oeste,1523880,JUAN JOSE,Pacifico Norte & CO
374,1324,2017-04-16,Local,Oeste,454416,LORENA,Agora e Tudo MM
375,1329,2017-04-17,Local,Oeste,1367366,CRISTINA,Too & A
376,1338,2017-04-21,Local,Oeste,163920,CRISTINA,Too & A
377,1399,2017-05-08,Local,Oeste,804768,JUAN JOSE,The LandLord
378,1460,2017-06-03,Local,Oeste,1039452,ANTONIO,Bienestar Land
379,1491,2017-06-13,Local,Oeste,1241034,VICTOR,Pacifico Norte & CO
380,1526,2017-06-27,Local,Oeste,586908,ADRIAN,Mart B & C
381,1528,2017-06-27,Local,Oeste,1132608,JUAN,JKP Asesores
382,1529,2017-06-27,Local,Oeste,1257075,JOSE,Too & A
383,1543,2017-07-03,Local,Oeste,381494,VICTOR,Honduland
384,1615,2017-07-31,Local,Oeste,399488,JOSE ANTONIO,JKP Asesores
385,1664,2017-08-16,Local,Oeste,2233120,JUAN,Agora e Tudo MM
386,1669,2017-08-20,Local,Oeste,1933372,MARIA TERESA,Tierra y Paz
387,1672,2017-08-22,Local,Oeste,1789214,JAVIER,The LandLord
388,1789,2017-10-01,Local,Oeste,749275,DANIEL,Agora e Tudo MM
389,1791,2017-10-01,Local,Oeste,1747392,MANUEL,JKP Asesores
390,1827,2017-10-13,Local,Oeste,1169860,DANIEL,Mart B & C
391,1848,2017-10-24,Local,Oeste,1327606,DAVID,Bienes de Occidente
392,1860,2017-10-29,Local,Oeste,2083779,VICTOR,JKP Asesores
393,1864,2017-10-30,Local,Oeste,304113,MARIA ELENA,The LandLord
394,1871,2017-11-02,Local,Oeste,523481,MARIA DOLORES,Honduland
395,1880,2017-11-05,Local,Oeste,912798,FRANCISCO,JKP Asesores
396,1886,2017-11-09,Local,Oeste,2333058,MARIA ELENA,Pacifico Norte & CO
397,1921,2017-11-21,Local,Oeste,655893,MARIA TERESA,Agora e Tudo MM
398,1942,2017-11-27,Local,Oeste,747947,MIRIAM,Agora e Tudo MM
399,1971,2017-12-13,Local,Oeste,857925,MARIA ROSA,Too & A
400,2014,2017-12-27,Local,Oeste,2029607,DAVID,Agora e Tudo MM
401,1104,2017-01-31,Local,Norte,786714,JUAN JOSE,The LandLord
402,1133,2017-02-12,Local,Norte,712404,CRISTINA,Too & A
403,1149,2017-02-15,Local,Norte,481656,EDUARDO,Agora e Tudo MM
404,1184,2017-02-26,Local,Norte,639952,MARIA ANGELES,Bienestar Land
405,1296,2017-04-04,Local,Norte,716272,JUAN,Pacifico Norte & CO
406,1370,2017-04-29,Local,Norte,1270800,MANUEL,Bienestar Land
407,1384,2017-05-04,Local,Norte,634583,JUAN MANUEL,Pacifico Norte & CO
408,1387,2017-05-05,Local,Norte,843180,MARIA TERESA,Agora e Tudo MM
409,1390,2017-05-06,Local,Norte,924741,ADRIAN,Tierra y Paz
410,1448,2017-05-28,Local,Norte,1579012,JOSE,Honduland
411,1457,2017-06-02,Local,Norte,496806,ALVARO,Bienes de Occidente
412,1545,2017-07-03,Local,Norte,866008,DANIEL,Tierra y Paz
413,1600,2017-07-24,Local,Norte,764370,JOSE LUIS,Bienes de Occidente
414,1612,2017-07-31,Local,Norte,2110900,MARIO,Mart B & C
415,1616,2017-07-31,Local,Norte,757260,ANA,Pacifico Norte & CO
416,1625,2017-08-02,Local,Norte,328646,DAVID,Pacifico Norte & CO
417,1641,2017-08-06,Local,Norte,552513,ALEJANDRO,Too & A
418,1654,2017-08-12,Local,Norte,804327,MARIA TERESA,JKP Asesores
419,1656,2017-08-12,Local,Norte,411669,MARIA VICTORIA,Mart B & C
420,1666,2017-08-16,Local,Norte,442635,CARLOS,Bienestar Land
421,1668,2017-08-19,Local,Norte,872204,MIGUEL,Pacifico Norte & CO
422,1678,2017-08-24,Local,Norte,474864,DANIELA,Pacifico Norte & CO
423,1721,2017-09-07,Local,Norte,994750,EDUARDO,Bienes de Occidente
424,1723,2017-09-07,Local,Norte,1201462,EDUARDO,The LandLord
425,1726,2017-09-08,Local,Norte,1931658,MARIA VICTORIA,Honduland
426,1756,2017-09-21,Local,Norte,613275,ANA,Bienes de Occidente
427,1799,2017-10-03,Local,Norte,2249576,JUAN,Bienes de Occidente
428,1811,2017-10-09,Local,Norte,1473180,ANTONIA,Too & A
429,1830,2017-10-14,Local,Norte,1867692,ALVARO,Pacifico Norte & CO
430,1875,2017-11-04,Local,Norte,589155,MARIA ELENA,Tierra y Paz
431,1896,2017-11-11,Local,Norte,804683,MARIA JOSE,Agora e Tudo MM
432,1916,2017-11-19,Local,Norte,2323868,JOSE LUIS,Too & A
433,1943,2017-11-28,Local,Norte,1406563,MARIA ANGELES,Tierra y Paz
434,2011,2017-12-25,Local,Norte,1555813,DOLORES,Pacifico Norte & CO
435,2021,2017-12-29,Local,Norte,873000,CARLOS,Bienestar Land
436,1048,2017-01-09,Nave,Sur,2362572,JAVIER,Pacifico Norte & CO
437,1057,2017-01-12,Nave,Sur,599850,MARIA TERESA,JKP Asesores
438,1098,2017-01-29,Nave,Sur,1960808,DANIEL,Mart B & C
439,1130,2017-02-12,Nave,Sur,444338,DIEGO,The LandLord
440,1138,2017-02-13,Nave,Sur,1066550,DANIELA,Bienestar Land
441,1143,2017-02-14,Nave,Sur,1394206,DANIELA,Mart B & C
442,1144,2017-02-14,Nave,Sur,2176768,ADRIAN,JKP Asesores
443,1176,2017-02-23,Nave,Sur,1305129,ADRIAN,JKP Asesores
444,1179,2017-02-24,Nave,Sur,780598,ANA,Bienes de Occidente
445,1181,2017-02-25,Nave,Sur,425790,JOSE LUIS,Too & A
446,1193,2017-03-01,Nave,Sur,1320236,JUAN MANUEL,Pacifico Norte & CO
447,1206,2017-03-04,Nave,Sur,953316,LUCIA,Honduland
448,1212,2017-03-07,Nave,Sur,1246960,CRISTINA,Bienes de Occidente
449,1217,2017-03-08,Nave,Sur,1830800,FRANCISCO,Bienes de Occidente
450,1219,2017-03-08,Nave,Sur,2234653,JOSE ANTONIO,Too & A
451,1231,2017-03-13,Nave,Sur,1292980,MIGUEL,Tierra y Paz
452,1265,2017-03-25,Nave,Sur,627321,CARLOS,Pacifico Norte & CO
453,1270,2017-03-27,Nave,Sur,531784,MARIA ELENA,Too & A
454,1287,2017-04-02,Nave,Sur,1612334,FRANCISCO JAVIER,Agora e Tudo MM
455,1300,2017-04-06,Nave,Sur,309702,MARIA ISABEL,Bienes de Occidente
456,1343,2017-04-22,Nave,Sur,2292149,DIEGO,The LandLord
457,1349,2017-04-23,Nave,Sur,892704,MARIA ANGELES,The LandLord
458,1356,2017-04-25,Nave,Sur,1421308,MIRIAM,Too & A
459,1371,2017-04-30,Nave,Sur,406252,JOSE,JKP Asesores
460,1386,2017-05-05,Nave,Sur,1244600,MARIA ELENA,Agora e Tudo MM
461,1394,2017-05-06,Nave,Sur,2011934,JAIME,Too & A
462,1401,2017-05-10,Nave,Sur,2349200,ANTONIO,Too & A
463,1415,2017-05-18,Nave,Sur,896969,FRANCISCA,JKP Asesores
464,1416,2017-05-18,Nave,Sur,834394,MARIA ROSA,Honduland
465,1432,2017-05-22,Nave,Sur,264438,MARIA DOLORES,Bienestar Land
466,1450,2017-05-29,Nave,Sur,499698,MARIA ELENA,Bienestar Land
467,1451,2017-05-30,Nave,Sur,1779435,MANUEL,The LandLord
468,1466,2017-06-05,Nave,Sur,802428,MARIO,Pacifico Norte & CO
469,1482,2017-06-10,Nave,Sur,868367,MANUEL,Pacifico Norte & CO
470,1488,2017-06-12,Nave,Sur,704476,CARLOS,Pacifico Norte & CO
471,1521,2017-06-26,Nave,Sur,399143,FRANCISCO,The LandLord
472,1522,2017-06-26,Nave,Sur,306120,JESUS,The LandLord
473,1548,2017-07-05,Nave,Sur,330885,SANTIAGO,Agora e Tudo MM
474,1554,2017-07-08,Nave,Sur,618786,DAVID,Mart B & C
475,1555,2017-07-09,Nave,Sur,708840,MARIA VICTORIA,Tierra y Paz
476,1561,2017-07-12,Nave,Sur,1823406,JAIME,Pacifico Norte & CO
477,1571,2017-07-15,Nave,Sur,583692,MARIA ANGELES,Bienes de Occidente
478,1596,2017-07-22,Nave,Sur,2133120,JOAQUIN,Bienestar Land
479,1605,2017-07-27,Nave,Sur,1301560,MARTA,The LandLord
480,1657,2017-08-13,Nave,Sur,358670,DOLORES,JKP Asesores
481,1659,2017-08-13,Nave,Sur,1069640,ADRIAN,Too & A
482,1714,2017-09-06,Nave,Sur,617652,MARIA JOSE,Bienestar Land
483,1755,2017-09-19,Nave,Sur,1305304,SANTIAGO,Pacifico Norte & CO
484,1768,2017-09-27,Nave,Sur,409378,MANUEL,Honduland
485,1773,2017-09-28,Nave,Sur,850476,DANIEL,Tierra y Paz
486,1779,2017-09-29,Nave,Sur,613496,VICTOR,Bienestar Land
487,1780,2017-09-29,Nave,Sur,979560,DOLORES,Tierra y Paz
488,1782,2017-09-29,Nave,Sur,1146552,MARIO,Tierra y Paz
489,1793,2017-10-02,Nave,Sur,1753052,MARIA ISABEL,Too & A
490,1804,2017-10-04,Nave,Sur,857936,MIRIAM,JKP Asesores
491,1805,2017-10-04,Nave,Sur,1963104,MARIA ISABEL,Bienes de Occidente
492,1826,2017-10-13,Nave,Sur,994536,MARIA VICTORIA,Bienes de Occidente
493,1840,2017-10-19,Nave,Sur,1544496,JOAQUIN,Bienes de Occidente
494,1854,2017-10-25,Nave,Sur,1878954,DANIELA,Pacifico Norte & CO
495,1911,2017-11-18,Nave,Sur,1059827,VICTOR,Pacifico Norte & CO
496,1948,2017-12-01,Nave,Sur,1685904,VICTOR,Agora e Tudo MM
497,1955,2017-12-04,Nave,Sur,753900,ANA,Bienestar Land
498,1961,2017-12-06,Nave,Sur,807120,MARIA ROSA,Agora e Tudo MM
499,1962,2017-12-08,Nave,Sur,2203166,MARIA ANGELES,Mart B & C
500,1970,2017-12-13,Nave,Sur,856692,MARIA ISABEL,Tierra y Paz
501,1975,2017-12-14,Nave,Sur,907137,MIGUEL,JKP Asesores
502,1983,2017-12-18,Nave,Sur,2390634,JOSE ANTONIO,Agora e Tudo MM
503,1989,2017-12-19,Nave,Sur,2548584,DOLORES,JKP Asesores
504,2001,2017-12-22,Nave,Sur,1348055,CRISTINA,Mart B & C
505,2002,2017-12-22,Nave,Sur,1653852,FRANCISCA,Too & A
506,2008,2017-12-24,Nave,Sur,1401361,MARIA VICTORIA,Too & A
507,2030,2017-12-31,Nave,Sur,2219468,DAVID,Bienes de Occidente
508,1042,2017-01-07,Nave,Centro,374310,MARIO,Bienestar Land
509,1043,2017-01-08,Nave,Centro,1844004,INES,Pacifico Norte & CO
510,1050,2017-01-09,Nave,Centro,703680,LAURA,Too & A
511,1102,2017-01-30,Nave,Centro,1950772,DOLORES,The LandLord
512,1107,2017-02-02,Nave,Centro,650580,MARIA ANGELES,Too & A
513,1125,2017-02-10,Nave,Centro,2287075,DOLORES,Agora e Tudo MM
514,1135,2017-02-13,Nave,Centro,349102,ANTONIO,Tierra y Paz
515,1140,2017-02-13,Nave,Centro,1318660,DANIEL,Pacifico Norte & CO
516,1142,2017-02-13,Nave,Centro,1033850,JUAN MANUEL,Bienestar Land
517,1155,2017-02-17,Nave,Centro,857374,ANTONIO,Mart B & C
518,1169,2017-02-21,Nave,Centro,1051500,EVA MARIA,Pacifico Norte & CO
519,1194,2017-03-01,Nave,Centro,969707,FRANCISCO JAVIER,Agora e Tudo MM
520,1197,2017-03-03,Nave,Centro,233358,MARIA ELENA,Mart B & C
521,1201,2017-03-04,Nave,Centro,298350,VICTOR,Bienestar Land
522,1202,2017-03-04,Nave,Centro,1100046,JUAN,Honduland
523,1213,2017-03-07,Nave,Centro,1238006,MARIA DOLORES,Bienestar Land
524,1229,2017-03-11,Nave,Centro,451643,CRISTINA,Bienestar Land
525,1258,2017-03-22,Nave,Centro,1248862,MARIA ROSA,The LandLord
526,1261,2017-03-23,Nave,Centro,1194930,CRISTINA,Pacifico Norte & CO
527,1263,2017-03-24,Nave,Centro,849464,JUAN,The LandLord
528,1282,2017-04-01,Nave,Centro,520914,EVA MARIA,Bienes de Occidente
529,1284,2017-04-02,Nave,Centro,400875,MARIA TERESA,The LandLord
530,1288,2017-04-02,Nave,Centro,2413648,JAVIER,Too & A
531,1301,2017-04-07,Nave,Centro,2531334,DAVID,Tierra y Paz
532,1303,2017-04-08,Nave,Centro,657020,INES,Pacifico Norte & CO
533,1318,2017-04-14,Nave,Centro,1543850,CARLOS,The LandLord
534,1366,2017-04-28,Nave,Centro,850720,MARIA DOLORES,Bienestar Land
535,1426,2017-05-21,Nave,Centro,467410,JOSE LUIS,Too & A
536,1428,2017-05-21,Nave,Centro,1539135,CARLOS,JKP Asesores
537,1443,2017-05-26,Nave,Centro,672257,MANUEL,Agora e Tudo MM
538,1455,2017-06-01,Nave,Centro,1047774,LAURA,Bienestar Land
539,1471,2017-06-06,Nave,Centro,485013,VICTOR,Bienestar Land
540,1474,2017-06-08,Nave,Centro,2549313,ALEJANDRO,Pacifico Norte & CO
541,1475,2017-06-08,Nave,Centro,216187,DIEGO,Bienes de Occidente
542,1478,2017-06-09,Nave,Centro,1504301,ALEJANDRO,Bienes de Occidente
543,1494,2017-06-14,Nave,Centro,1471320,ANA,Bienestar Land
544,1505,2017-06-19,Nave,Centro,220148,DAVID,Bienestar Land
545,1535,2017-07-01,Nave,Centro,456756,MARTA,Tierra y Paz
546,1540,2017-07-02,Nave,Centro,2223919,DOLORES,Bienes de Occidente
547,1558,2017-07-10,Nave,Centro,830648,ANA BELEN,Honduland
548,1579,2017-07-17,Nave,Centro,1207101,JOSE,Too & A
549,1581,2017-07-18,Nave,Centro,2224917,CRISTINA,Agora e Tudo MM
550,1593,2017-07-21,Nave,Centro,562947,DOLORES,Bienes de Occidente
551,1604,2017-07-26,Nave,Centro,807048,SANTIAGO,JKP Asesores
552,1611,2017-07-30,Nave,Centro,692037,JAIME,Tierra y Paz
553,1614,2017-07-31,Nave,Centro,960032,DOLORES,The LandLord
554,1630,2017-08-03,Nave,Centro,349623,JOSE LUIS,Tierra y Paz
555,1648,2017-08-09,Nave,Centro,545986,DIEGO,Honduland
556,1650,2017-08-11,Nave,Centro,293037,MARIO,Pacifico Norte & CO
557,1683,2017-08-25,Nave,Centro,552773,FRANCISCO JAVIER,Bienestar Land
558,1691,2017-08-27,Nave,Centro,785628,DAVID,Mart B & C
559,1708,2017-09-04,Nave,Centro,1762180,VICTOR,Pacifico Norte & CO
560,1729,2017-09-08,Nave,Centro,1230990,FRANCISCO JAVIER,Too & A
561,1738,2017-09-11,Nave,Centro,948600,JUAN MANUEL,The LandLord
562,1745,2017-09-14,Nave,Centro,641520,FRANCISCO JAVIER,JKP Asesores
563,1753,2017-09-18,Nave,Centro,1129980,LUCIA,JKP Asesores
564,1757,2017-09-21,Nave,Centro,878424,VICTOR,Pacifico Norte & CO
565,1759,2017-09-22,Nave,Centro,2133472,DANIELA,Honduland
566,1838,2017-10-17,Nave,Centro,1642664,MARIA ELENA,Honduland
567,1845,2017-10-22,Nave,Centro,938836,JOSE LUIS,Too & A
568,1863,2017-10-30,Nave,Centro,417872,MARIA ANGELES,Too & A
569,1885,2017-11-09,Nave,Centro,1300500,INES,Honduland
570,1888,2017-11-10,Nave,Centro,392972,LUCIA,Tierra y Paz
571,1907,2017-11-17,Nave,Centro,501380,ALVARO,The LandLord
572,1910,2017-11-18,Nave,Centro,1179190,JOSE,Mart B & C
573,1922,2017-11-21,Nave,Centro,1360523,LUCIA,Honduland
574,1923,2017-11-21,Nave,Centro,1276289,MARIA TERESA,JKP Asesores
575,1931,2017-11-24,Nave,Centro,1228320,CARLOS,Bienestar Land
576,1959,2017-12-06,Nave,Centro,1002211,MARIA VICTORIA,Too & A
577,1972,2017-12-14,Nave,Centro,814968,MANUEL,Too & A
578,1978,2017-12-16,Nave,Centro,696762,VICTOR,JKP Asesores
579,1990,2017-12-19,Nave,Centro,2021880,FRANCISCO JAVIER,Bienestar Land
580,1997,2017-12-20,Nave,Centro,1058840,JOAQUIN,Pacifico Norte & CO
581,1027,2017-01-01,Nave,Oeste,352972,JAVIER,The LandLord
582,1046,2017-01-08,Nave,Oeste,1823280,ANA BELEN,Mart B & C
583,1056,2017-01-12,Nave,Oeste,300105,SANTIAGO,Mart B & C
584,1066,2017-01-17,Nave,Oeste,2808008,SANTIAGO,Bienestar Land
585,1117,2017-02-05,Nave,Oeste,1037498,DANIELA,Too & A
586,1182,2017-02-26,Nave,Oeste,1203246,DOLORES,Honduland
587,1186,2017-02-28,Nave,Oeste,756208,JAVIER,Mart B & C
588,1192,2017-03-01,Nave,Oeste,2055310,LORENA,Bienes de Occidente
589,1196,2017-03-02,Nave,Oeste,614048,MARIA TERESA,Bienes de Occidente
590,1208,2017-03-05,Nave,Oeste,1449512,CARLOS,Bienestar Land
591,1214,2017-03-07,Nave,Oeste,655690,JOSE LUIS,Tierra y Paz
592,1230,2017-03-12,Nave,Oeste,2422720,MARIA JOSE,The LandLord
593,1238,2017-03-16,Nave,Oeste,820608,JUAN JOSE,Tierra y Paz
594,1255,2017-03-21,Nave,Oeste,354360,JUAN JOSE,JKP Asesores
595,1272,2017-03-27,Nave,Oeste,1500984,MARIA ELENA,JKP Asesores
596,1350,2017-04-23,Nave,Oeste,425712,CRISTINA,Mart B & C
597,1363,2017-04-27,Nave,Oeste,729579,JUAN JOSE,Bienes de Occidente
598,1365,2017-04-28,Nave,Oeste,350155,MARIA ANGELES,Bienes de Occidente
599,1367,2017-04-29,Nave,Oeste,567486,JUAN,Honduland
600,1375,2017-05-01,Nave,Oeste,1363950,JUAN JOSE,The LandLord
601,1388,2017-05-05,Nave,Oeste,2288520,LUCIA,Honduland
602,1392,2017-05-06,Nave,Oeste,1046925,LUCIA,JKP Asesores
603,1403,2017-05-11,Nave,Oeste,2417572,ALVARO,Bienes de Occidente
604,1435,2017-05-24,Nave,Oeste,548000,LAURA,Tierra y Paz
605,1464,2017-06-04,Nave,Oeste,1393157,JOSE,Tierra y Paz
606,1495,2017-06-14,Nave,Oeste,1590010,MIGUEL,Mart B & C
607,1498,2017-06-15,Nave,Oeste,256630,EVA MARIA,Agora e Tudo MM
608,1506,2017-06-19,Nave,Oeste,2512640,CARLOS,The LandLord
609,1508,2017-06-19,Nave,Oeste,2594780,ADRIAN,Honduland
610,1512,2017-06-20,Nave,Oeste,2419209,MARIA DOLORES,The LandLord
611,1514,2017-06-21,Nave,Oeste,781000,LAURA,Too & A
612,1517,2017-06-25,Nave,Oeste,1217501,JUAN MANUEL,Bienestar Land
613,1551,2017-07-06,Nave,Oeste,944385,MARIA ISABEL,Bienestar Land
614,1560,2017-07-11,Nave,Oeste,1074921,SANTIAGO,Bienestar Land
615,1563,2017-07-12,Nave,Oeste,1881810,MARIA DOLORES,JKP Asesores
616,1583,2017-07-19,Nave,Oeste,1832100,EDUARDO,Bienestar Land
617,1585,2017-07-19,Nave,Oeste,1026774,JOAQUIN,The LandLord
618,1599,2017-07-23,Nave,Oeste,1311730,JOAQUIN,Bienes de Occidente
619,1619,2017-08-01,Nave,Oeste,1477410,EVA MARIA,Pacifico Norte & CO
620,1621,2017-08-01,Nave,Oeste,1658800,DAVID,Mart B & C
621,1636,2017-08-05,Nave,Oeste,1448384,LAURA,Pacifico Norte & CO
622,1645,2017-08-07,Nave,Oeste,958132,DANIELA,Bienes de Occidente
623,1652,2017-08-12,Nave,Oeste,601398,FRANCISCO,Agora e Tudo MM
624,1674,2017-08-23,Nave,Oeste,2290046,LAURA,Bienes de Occidente
625,1681,2017-08-25,Nave,Oeste,1459192,ALVARO,Agora e Tudo MM
626,1682,2017-08-25,Nave,Oeste,1441070,MARIA JOSE,Agora e Tudo MM
627,1695,2017-08-28,Nave,Oeste,1234048,FRANCISCO,Honduland
628,1743,2017-09-14,Nave,Oeste,2630336,EVA MARIA,Tierra y Paz
629,1762,2017-09-23,Nave,Oeste,1514057,DANIEL,The LandLord
630,1796,2017-10-03,Nave,Oeste,1811680,DIEGO,The LandLord
631,1821,2017-10-11,Nave,Oeste,1556226,MARIA VICTORIA,JKP Asesores
632,1822,2017-10-12,Nave,Oeste,437640,DIEGO,Pacifico Norte & CO
633,1834,2017-10-15,Nave,Oeste,1182053,JUAN JOSE,Agora e Tudo MM
634,1839,2017-10-18,Nave,Oeste,2475510,CARLOS,The LandLord
635,1849,2017-10-25,Nave,Oeste,781120,JAIME,Bienestar Land
636,1855,2017-10-26,Nave,Oeste,1263040,VICTOR,Pacifico Norte & CO
637,1856,2017-10-26,Nave,Oeste,2467960,JUAN,Bienestar Land
638,1859,2017-10-28,Nave,Oeste,1883088,LORENA,Bienestar Land
639,1868,2017-11-01,Nave,Oeste,667299,CARLOS,Honduland
640,1870,2017-11-01,Nave,Oeste,1895293,JUAN MANUEL,Tierra y Paz
641,1920,2017-11-20,Nave,Oeste,2347137,JUAN MANUEL,Tierra y Paz
642,1926,2017-11-22,Nave,Oeste,557127,MARTA,Too & A
643,1937,2017-11-25,Nave,Oeste,1265992,MANUEL,The LandLord
644,1994,2017-12-20,Nave,Oeste,651192,MARIA VICTORIA,Bienestar Land
645,2016,2017-12-28,Nave,Oeste,2815292,ANA BELEN,JKP Asesores
646,2024,2017-12-30,Nave,Oeste,2471249,ANTONIO,Mart B & C
647,2033,2017-12-31,Nave,Oeste,1247750,FRANCISCO JAVIER,Too & A
648,1028,2017-01-02,Nave,Norte,610416,JAIME,Bienestar Land
649,1033,2017-01-03,Nave,Norte,1236672,JOSE,The LandLord
650,1039,2017-01-06,Nave,Norte,1441440,EVA MARIA,Too & A
651,1067,2017-01-17,Nave,Norte,892620,JAIME,Agora e Tudo MM
652,1101,2017-01-30,Nave,Norte,468952,CARLOS,Too & A
653,1136,2017-02-13,Nave,Norte,297882,JOAQUIN,Tierra y Paz
654,1153,2017-02-16,Nave,Norte,2021232,LORENA,Honduland
655,1161,2017-02-19,Nave,Norte,1594715,MARIA DOLORES,Bienestar Land
656,1165,2017-02-20,Nave,Norte,1665134,ANA,Mart B & C
657,1177,2017-02-24,Nave,Norte,711634,MARIO,JKP Asesores
658,1210,2017-03-06,Nave,Norte,1504477,DIEGO,JKP Asesores
659,1237,2017-03-16,Nave,Norte,376090,DANIEL,Honduland
660,1239,2017-03-16,Nave,Norte,839615,LAURA,Mart B & C
661,1279,2017-03-30,Nave,Norte,804884,CRISTINA,Bienestar Land
662,1290,2017-04-02,Nave,Norte,1560125,DANIEL,Pacifico Norte & CO
663,1319,2017-04-15,Nave,Norte,1727588,ALEJANDRO,Bienestar Land
664,1330,2017-04-17,Nave,Norte,2094795,EVA MARIA,Tierra y Paz
665,1334,2017-04-18,Nave,Norte,705628,ANTONIO,JKP Asesores
666,1345,2017-04-22,Nave,Norte,370158,JAIME,Pacifico Norte & CO
667,1348,2017-04-23,Nave,Norte,1850004,VICTOR,Agora e Tudo MM
668,1373,2017-05-01,Nave,Norte,2211328,JOSE LUIS,JKP Asesores
669,1376,2017-05-01,Nave,Norte,609128,VICTOR,JKP Asesores
670,1381,2017-05-03,Nave,Norte,902212,JOSE,Agora e Tudo MM
671,1400,2017-05-10,Nave,Norte,1670100,MARIA JOSE,Bienes de Occidente
672,1453,2017-06-01,Nave,Norte,1687836,ANTONIO,Too & A
673,1467,2017-06-06,Nave,Norte,2333097,MANUEL,JKP Asesores
674,1469,2017-06-06,Nave,Norte,419256,SANTIAGO,Mart B & C
675,1487,2017-06-12,Nave,Norte,537915,ANA BELEN,The LandLord
676,1489,2017-06-12,Nave,Norte,1323792,JESUS,Bienestar Land
677,1496,2017-06-15,Nave,Norte,2520904,MARTA,Honduland
678,1501,2017-06-18,Nave,Norte,317044,MARIA VICTORIA,Bienes de Occidente
679,1589,2017-07-20,Nave,Norte,1607487,INES,Too & A
680,1590,2017-07-20,Nave,Norte,682168,MARIA ISABEL,Too & A
681,1633,2017-08-04,Nave,Norte,1522977,FRANCISCA,JKP Asesores
682,1660,2017-08-13,Nave,Norte,1926868,JESUS,Honduland
683,1693,2017-08-27,Nave,Norte,2171327,MIGUEL,Too & A
684,1774,2017-09-28,Nave,Norte,1033515,INES,Tierra y Paz
685,1786,2017-09-30,Nave,Norte,359406,CRISTINA,Mart B & C
686,1797,2017-10-03,Nave,Norte,882420,CARLOS,Agora e Tudo MM
687,1803,2017-10-04,Nave,Norte,2378453,SANTIAGO,Bienestar Land
688,1819,2017-10-10,Nave,Norte,1605730,ANTONIO,Mart B & C
689,1861,2017-10-30,Nave,Norte,1944840,JOSE,Bienestar Land
690,1865,2017-10-31,Nave,Norte,299407,LAURA,Too & A
691,1866,2017-10-31,Nave,Norte,540890,EVA MARIA,Pacifico Norte & CO
692,1882,2017-11-06,Nave,Norte,1713990,JOSE,Mart B & C
693,1895,2017-11-11,Nave,Norte,1720320,JAIME,Honduland
694,1898,2017-11-13,Nave,Norte,1179957,MANUEL,Agora e Tudo MM
695,1902,2017-11-14,Nave,Norte,431275,ANTONIA,Too & A
696,1941,2017-11-27,Nave,Norte,1701080,FRANCISCA,Bienestar Land
697,1952,2017-12-03,Nave,Norte,1341684,FRANCISCO JAVIER,JKP Asesores
698,1967,2017-12-11,Nave,Norte,2046384,MARTA,Too & A
699,2013,2017-12-27,Nave,Norte,740211,LAURA,Pacifico Norte & CO
700,1031,2017-01-02,Isla,Sur,1106677,FRANCISCO JAVIER,Bienes de Occidente
701,1032,2017-01-03,Isla,Sur,1262250,JESUS,JKP Asesores
702,1035,2017-01-04,Isla,Sur,2398788,FRANCISCO JAVIER,Mart B & C
703,1061,2017-01-14,Isla,Sur,259515,MIGUEL,Agora e Tudo MM
704,1085,2017-01-22,Isla,Sur,424175,DAVID,Agora e Tudo MM
705,1089,2017-01-24,Isla,Sur,1081248,LAURA,Too & A
706,1112,2017-02-03,Isla,Sur,1602300,ANTONIO,Too & A
707,1160,2017-02-18,Isla,Sur,2148384,MARIA ANGELES,Bienes de Occidente
708,1191,2017-02-28,Isla,Sur,1256274,CRISTINA,Bienes de Occidente
709,1247,2017-03-19,Isla,Sur,1557884,ADRIAN,JKP Asesores
710,1253,2017-03-20,Isla,Sur,459725,DAVID,Tierra y Paz
711,1254,2017-03-21,Isla,Sur,757809,CRISTINA,Bienestar Land
712,1260,2017-03-23,Isla,Sur,485849,JAVIER,Pacifico Norte & CO
713,1262,2017-03-23,Isla,Sur,525096,DANIEL,JKP Asesores
714,1298,2017-04-05,Isla,Sur,1179488,JESUS,Tierra y Paz
715,1326,2017-04-16,Isla,Sur,651472,JAIME,Bienestar Land
716,1327,2017-04-16,Isla,Sur,281521,JUAN,Honduland
717,1353,2017-04-24,Isla,Sur,1702501,SANTIAGO,JKP Asesores
718,1354,2017-04-25,Isla,Sur,2418064,ANTONIO,Tierra y Paz
719,1372,2017-05-01,Isla,Sur,2633774,SANTIAGO,Honduland
720,1419,2017-05-18,Isla,Sur,1300276,JUAN MANUEL,Mart B & C
721,1421,2017-05-19,Isla,Sur,1584856,MARIA DOLORES,Too & A
722,1437,2017-05-24,Isla,Sur,1435239,MARTA,Pacifico Norte & CO
723,1442,2017-05-26,Isla,Sur,1496320,DAVID,Too & A
724,1499,2017-06-16,Isla,Sur,1084300,SANTIAGO,Mart B & C
725,1575,2017-07-16,Isla,Sur,1620575,ALVARO,Mart B & C
726,1623,2017-08-01,Isla,Sur,286747,DAVID,Tierra y Paz
727,1696,2017-08-28,Isla,Sur,1473982,JUAN MANUEL,Honduland
728,1698,2017-08-30,Isla,Sur,1333593,VICTOR,Agora e Tudo MM
729,1699,2017-08-31,Isla,Sur,1558430,JUAN MANUEL,The LandLord
730,1704,2017-09-03,Isla,Sur,827057,JOSE ANTONIO,JKP Asesores
731,1733,2017-09-10,Isla,Sur,864080,MARIA TERESA,JKP Asesores
732,1765,2017-09-26,Isla,Sur,490897,LORENA,Mart B & C
733,1810,2017-10-08,Isla,Sur,480384,MARIO,Too & A
734,1853,2017-10-25,Isla,Sur,1422624,MARIA ROSA,Bienestar Land
735,1899,2017-11-13,Isla,Sur,878940,ANTONIA,Honduland
736,1925,2017-11-22,Isla,Sur,1817736,EDUARDO,Too & A
737,1933,2017-11-24,Isla,Sur,1688040,LUCIA,Tierra y Paz
738,1950,2017-12-02,Isla,Sur,324213,DANIELA,Honduland
739,1979,2017-12-17,Isla,Sur,2136288,DANIELA,Honduland
740,2018,2017-12-29,Isla,Sur,545925,ANA BELEN,Pacifico Norte & CO
741,1025,2017-01-01,Isla,Centro,2022624,FRANCISCO JAVIER,Too & A
742,1088,2017-01-23,Isla,Centro,760176,SANTIAGO,Too & A
743,1156,2017-02-17,Isla,Centro,1305200,MARIA VICTORIA,The LandLord
744,1159,2017-02-17,Isla,Centro,1823708,MARIA ISABEL,Pacifico Norte & CO
745,1163,2017-02-19,Isla,Centro,523989,DANIELA,Pacifico Norte & CO
746,1259,2017-03-22,Isla,Centro,1495260,JUAN MANUEL,Too & A
747,1291,2017-04-03,Isla,Centro,1273320,DANIEL,Bienestar Land
748,1293,2017-04-03,Isla,Centro,1806650,JUAN JOSE,Tierra y Paz
749,1304,2017-04-10,Isla,Centro,627300,ALVARO,Agora e Tudo MM
750,1333,2017-04-18,Isla,Centro,287952,MARIA JOSE,Honduland
751,1336,2017-04-19,Isla,Centro,2583126,INES,Pacifico Norte & CO
752,1377,2017-05-02,Isla,Centro,832000,LAURA,Bienes de Occidente
753,1402,2017-05-10,Isla,Centro,1133050,ANTONIO,Mart B & C
754,1433,2017-05-23,Isla,Centro,1610973,JESUS,Tierra y Paz
755,1441,2017-05-26,Isla,Centro,2116251,JOSE,Bienestar Land
756,1470,2017-06-06,Isla,Centro,2690954,LUCIA,Tierra y Paz
757,1479,2017-06-10,Isla,Centro,417231,MARIA DOLORES,Honduland
758,1493,2017-06-13,Isla,Centro,1001750,MIRIAM,Pacifico Norte & CO
759,1542,2017-07-03,Isla,Centro,2401083,MANUEL,The LandLord
760,1586,2017-07-19,Isla,Centro,1447434,DOLORES,Honduland
761,1622,2017-08-01,Isla,Centro,1782683,MARIA JOSE,Mart B & C
762,1671,2017-08-21,Isla,Centro,1707224,JUAN MANUEL,Tierra y Paz
763,1706,2017-09-03,Isla,Centro,2026404,DANIEL,Bienes de Occidente
764,1715,2017-09-06,Isla,Centro,526800,LAURA,JKP Asesores
765,1727,2017-09-08,Isla,Centro,2028164,MANUEL,Bienes de Occidente
766,1736,2017-09-11,Isla,Centro,1043856,JOAQUIN,Bienes de Occidente
767,1806,2017-10-05,Isla,Centro,1133352,VICTOR,The LandLord
768,1816,2017-10-09,Isla,Centro,1050000,JUAN JOSE,Pacifico Norte & CO
769,1843,2017-10-19,Isla,Centro,955500,DANIEL,JKP Asesores
770,1892,2017-11-10,Isla,Centro,1380764,ANA,Bienestar Land
771,1913,2017-11-19,Isla,Centro,1926344,MIGUEL,Mart B & C
772,1930,2017-11-23,Isla,Centro,1539252,JOSE ANTONIO,Mart B & C
773,1934,2017-11-25,Isla,Centro,1021230,MANUEL,Honduland
774,1935,2017-11-25,Isla,Centro,405280,MARIA ROSA,Tierra y Paz
775,1960,2017-12-06,Isla,Centro,2446962,JUAN MANUEL,Mart B & C
776,1996,2017-12-20,Isla,Centro,1642584,MARTA,Too & A
777,2022,2017-12-30,Isla,Centro,588756,DANIELA,Tierra y Paz
778,1034,2017-01-03,Isla,Oeste,923355,MARIA ROSA,The LandLord
779,1053,2017-01-10,Isla,Oeste,224280,FRANCISCO JAVIER,Honduland
780,1099,2017-01-30,Isla,Oeste,621314,MARIA TERESA,Bienestar Land
781,1114,2017-02-04,Isla,Oeste,499244,JOSE,Too & A
782,1139,2017-02-13,Isla,Oeste,742176,MARIA DOLORES,JKP Asesores
783,1187,2017-02-28,Isla,Oeste,442300,DANIELA,Too & A
784,1227,2017-03-11,Isla,Oeste,1526840,MARIA ELENA,Mart B & C
785,1243,2017-03-17,Isla,Oeste,269516,VICTOR,Bienes de Occidente
786,1268,2017-03-27,Isla,Oeste,1191044,FRANCISCA,Bienestar Land
787,1297,2017-04-04,Isla,Oeste,1751450,MARIA ELENA,Pacifico Norte & CO
788,1307,2017-04-12,Isla,Oeste,2589312,DOLORES,Bienestar Land
789,1380,2017-05-03,Isla,Oeste,958464,ADRIAN,Honduland
790,1383,2017-05-03,Isla,Oeste,814793,ADRIAN,Tierra y Paz
791,1391,2017-05-06,Isla,Oeste,804640,MARIA DOLORES,Agora e Tudo MM
792,1412,2017-05-15,Isla,Oeste,2120067,MIGUEL,Agora e Tudo MM
793,1439,2017-05-25,Isla,Oeste,1306664,ANA BELEN,Bienestar Land
794,1452,2017-05-31,Isla,Oeste,455000,ANA,Bienes de Occidente
795,1459,2017-06-02,Isla,Oeste,456532,JOSE ANTONIO,Bienestar Land
796,1502,2017-06-18,Isla,Oeste,1175160,ANTONIA,Too & A
797,1504,2017-06-18,Isla,Oeste,778430,EVA MARIA,Tierra y Paz
798,1538,2017-07-01,Isla,Oeste,1405852,ANTONIA,The LandLord
799,1584,2017-07-19,Isla,Oeste,916418,MARIO,The LandLord
800,1598,2017-07-23,Isla,Oeste,1606206,JOSE LUIS,The LandLord
801,1613,2017-07-31,Isla,Oeste,690396,MIGUEL,Honduland
802,1634,2017-08-04,Isla,Oeste,739864,SANTIAGO,Bienes de Occidente
803,1684,2017-08-25,Isla,Oeste,1932448,JOAQUIN,Bienes de Occidente
804,1697,2017-08-29,Isla,Oeste,1143412,JOSE,Agora e Tudo MM
805,1817,2017-10-10,Isla,Oeste,368676,EVA MARIA,Bienes de Occidente
806,1872,2017-11-02,Isla,Oeste,1644747,ADRIAN,Pacifico Norte & CO
807,1912,2017-11-19,Isla,Oeste,783370,JOSE LUIS,The LandLord
808,1939,2017-11-26,Isla,Oeste,693631,MARIA ROSA,Too & A
809,1940,2017-11-27,Isla,Oeste,941154,MARTA,Mart B & C
810,1951,2017-12-02,Isla,Oeste,753786,FRANCISCO,Honduland
811,1956,2017-12-04,Isla,Oeste,1028382,FRANCISCO JAVIER,Tierra y Paz
812,1988,2017-12-19,Isla,Oeste,1770930,MARIA ELENA,Agora e Tudo MM
813,2027,2017-12-31,Isla,Oeste,368959,ADRIAN,Bienestar Land
814,2032,2017-12-31,Isla,Oeste,616192,LORENA,Too & A
815,1037,2017-01-05,Isla,Norte,2496723,MARIA JOSE,Tierra y Paz
816,1065,2017-01-16,Isla,Norte,1502800,ANA,Too & A
817,1074,2017-01-19,Isla,Norte,2141830,ANTONIO,Too & A
818,1108,2017-02-02,Isla,Norte,1009328,MARIA TERESA,Bienestar Land
819,1147,2017-02-15,Isla,Norte,1519137,JUAN,The LandLord
820,1203,2017-03-04,Isla,Norte,1013175,JAIME,Bienestar Land
821,1240,2017-03-16,Isla,Norte,2562435,MARIA TERESA,JKP Asesores
822,1276,2017-03-30,Isla,Norte,1617270,VICTOR,Tierra y Paz
823,1277,2017-03-30,Isla,Norte,2232690,ALEJANDRO,Too & A
824,1280,2017-03-31,Isla,Norte,1938000,CARLOS,Bienes de Occidente
825,1292,2017-04-03,Isla,Norte,1566720,EDUARDO,Bienestar Land
826,1364,2017-04-28,Isla,Norte,783510,ANA,Bienes de Occidente
827,1396,2017-05-07,Isla,Norte,1177052,MARIA JOSE,Honduland
828,1409,2017-05-13,Isla,Norte,1733696,JUAN JOSE,Bienes de Occidente
829,1430,2017-05-22,Isla,Norte,416430,JESUS,The LandLord
830,1436,2017-05-24,Isla,Norte,1428350,MARIA TERESA,Too & A
831,1500,2017-06-17,Isla,Norte,595750,LAURA,Pacifico Norte & CO
832,1503,2017-06-18,Isla,Norte,977011,EDUARDO,Tierra y Paz
833,1516,2017-06-24,Isla,Norte,805714,ANTONIO,JKP Asesores
834,1601,2017-07-25,Isla,Norte,1309544,DOLORES,Pacifico Norte & CO
835,1642,2017-08-07,Isla,Norte,2667816,LUCIA,Bienestar Land
836,1665,2017-08-16,Isla,Norte,2275994,FRANCISCA,Too & A
837,1673,2017-08-23,Isla,Norte,1509710,JUAN MANUEL,JKP Asesores
838,1677,2017-08-24,Isla,Norte,2625600,JOSE,The LandLord
839,1702,2017-09-01,Isla,Norte,840312,EVA MARIA,Pacifico Norte & CO
840,1703,2017-09-03,Isla,Norte,2171520,ANTONIO,Mart B & C
841,1719,2017-09-07,Isla,Norte,747659,JUAN,Pacifico Norte & CO
842,1772,2017-09-28,Isla,Norte,644688,EDUARDO,Agora e Tudo MM
843,1800,2017-10-03,Isla,Norte,1319520,JUAN JOSE,The LandLord
844,1820,2017-10-11,Isla,Norte,497272,MARIA DOLORES,Agora e Tudo MM
845,1829,2017-10-14,Isla,Norte,724563,VICTOR,Pacifico Norte & CO
846,1842,2017-10-19,Isla,Norte,2299208,MARIA JOSE,Bienestar Land
847,1915,2017-11-19,Isla,Norte,1736901,JUAN JOSE,Pacifico Norte & CO
848,1954,2017-12-03,Isla,Norte,1346136,DANIEL,Honduland
849,1992,2017-12-19,Isla,Norte,984144,MARIA ROSA,Honduland
850,2005,2017-12-23,Isla,Norte,629628,DOLORES,Bienestar Land
851,1060,2017-01-14,Consultorio,Sur,500560,DANIEL,Tierra y Paz
852,1081,2017-01-21,Consultorio,Sur,1128420,JUAN JOSE,The LandLord
853,1094,2017-01-29,Consultorio,Sur,1187477,JAIME,Agora e Tudo MM
854,1132,2017-02-12,Consultorio,Sur,900956,VICTOR,Honduland
855,1154,2017-02-17,Consultorio,Sur,2865688,JOAQUIN,Agora e Tudo MM
856,1185,2017-02-27,Consultorio,Sur,1388388,DANIEL,Pacifico Norte & CO
857,1189,2017-02-28,Consultorio,Sur,1471605,EVA MARIA,Honduland
858,1198,2017-03-03,Consultorio,Sur,917378,CRISTINA,Agora e Tudo MM
859,1269,2017-03-27,Consultorio,Sur,1307688,CRISTINA,JKP Asesores
860,1316,2017-04-14,Consultorio,Sur,1795819,ANA BELEN,Agora e Tudo MM
861,1325,2017-04-16,Consultorio,Sur,563122,MARIO,Too & A
862,1431,2017-05-22,Consultorio,Sur,1792128,MARIA JOSE,Agora e Tudo MM
863,1445,2017-05-26,Consultorio,Sur,585812,ANTONIO,Honduland
864,1473,2017-06-07,Consultorio,Sur,1955340,MANUEL,Tierra y Paz
865,1537,2017-07-01,Consultorio,Sur,1035826,LORENA,Pacifico Norte & CO
866,1547,2017-07-04,Consultorio,Sur,1258534,DAVID,Pacifico Norte & CO
867,1550,2017-07-06,Consultorio,Sur,804144,JAIME,Pacifico Norte & CO
868,1553,2017-07-08,Consultorio,Sur,859040,SANTIAGO,Mart B & C
869,1574,2017-07-15,Consultorio,Sur,1699719,MIRIAM,Tierra y Paz
870,1603,2017-07-25,Consultorio,Sur,687720,FRANCISCA,Bienestar Land
871,1606,2017-07-28,Consultorio,Sur,1951328,VICTOR,Pacifico Norte & CO
872,1635,2017-08-05,Consultorio,Sur,1669250,FRANCISCO,Too & A
873,1685,2017-08-25,Consultorio,Sur,1191260,DAVID,The LandLord
874,1701,2017-08-31,Consultorio,Sur,1517285,LAURA,The LandLord
875,1737,2017-09-11,Consultorio,Sur,707914,MARIO,Agora e Tudo MM
876,1748,2017-09-18,Consultorio,Sur,656676,LAURA,Agora e Tudo MM
877,1764,2017-09-24,Consultorio,Sur,911064,VICTOR,JKP Asesores
878,1770,2017-09-28,Consultorio,Sur,878712,FRANCISCO,Bienes de Occidente
879,1936,2017-11-25,Consultorio,Sur,1780350,MARIA ELENA,Agora e Tudo MM
880,1946,2017-11-30,Consultorio,Sur,2147112,LORENA,JKP Asesores
881,1949,2017-12-02,Consultorio,Sur,693515,MARIO,JKP Asesores
882,1969,2017-12-13,Consultorio,Sur,1842785,EVA MARIA,Tierra y Paz
883,1982,2017-12-18,Consultorio,Sur,1036392,MARIA VICTORIA,The LandLord
884,2010,2017-12-24,Consultorio,Sur,1040746,ANA BELEN,Mart B & C
885,1030,2017-01-02,Consultorio,Centro,1194505,ALEJANDRO,Tierra y Paz
886,1044,2017-01-08,Consultorio,Centro,1603196,ADRIAN,Pacifico Norte & CO
887,1092,2017-01-26,Consultorio,Centro,2130375,MIGUEL,Too & A
888,1100,2017-01-30,Consultorio,Centro,1814238,DAVID,Agora e Tudo MM
889,1126,2017-02-10,Consultorio,Centro,462315,MARIA VICTORIA,Bienes de Occidente
890,1127,2017-02-11,Consultorio,Centro,359775,ANA BELEN,Pacifico Norte & CO
891,1145,2017-02-14,Consultorio,Centro,850226,JOSE,Bienestar Land
892,1222,2017-03-09,Consultorio,Centro,1377880,ANTONIO,Agora e Tudo MM
893,1228,2017-03-11,Consultorio,Centro,996588,ANTONIO,The LandLord
894,1248,2017-03-19,Consultorio,Centro,851032,DANIELA,Bienestar Land
895,1275,2017-03-29,Consultorio,Centro,1754180,FRANCISCA,Bienes de Occidente
896,1331,2017-04-18,Consultorio,Centro,1435632,MARIA DOLORES,Mart B & C
897,1351,2017-04-23,Consultorio,Centro,505040,MARTA,Mart B & C
898,1355,2017-04-25,Consultorio,Centro,886222,DIEGO,Mart B & C
899,1411,2017-05-15,Consultorio,Centro,999481,MARIA JOSE,Pacifico Norte & CO
900,1414,2017-05-18,Consultorio,Centro,1206766,MARIA TERESA,Honduland
901,1417,2017-05-18,Consultorio,Centro,1137866,DAVID,Mart B & C
902,1418,2017-05-18,Consultorio,Centro,520521,FRANCISCO,Too & A
903,1454,2017-06-01,Consultorio,Centro,1605374,FRANCISCO JAVIER,Mart B & C
904,1465,2017-06-05,Consultorio,Centro,525454,DANIELA,The LandLord
905,1492,2017-06-13,Consultorio,Centro,1405305,JAVIER,Bienes de Occidente
906,1497,2017-06-15,Consultorio,Centro,880075,MARIA ROSA,JKP Asesores
907,1524,2017-06-26,Consultorio,Centro,880380,CRISTINA,Bienes de Occidente
908,1530,2017-06-27,Consultorio,Centro,480240,FRANCISCO JAVIER,Pacifico Norte & CO
909,1556,2017-07-09,Consultorio,Centro,1388238,MARTA,Too & A
910,1565,2017-07-13,Consultorio,Centro,533840,INES,Agora e Tudo MM
911,1577,2017-07-17,Consultorio,Centro,1186560,INES,Pacifico Norte & CO
912,1580,2017-07-18,Consultorio,Centro,786830,MARIA DOLORES,The LandLord
913,1643,2017-08-07,Consultorio,Centro,1246050,MARIA TERESA,Honduland
914,1675,2017-08-23,Consultorio,Centro,2045304,ANA,Bienes de Occidente
915,1707,2017-09-04,Consultorio,Centro,938916,MARIA TERESA,Bienestar Land
916,1722,2017-09-07,Consultorio,Centro,2478000,DAVID,Mart B & C
917,1728,2017-09-08,Consultorio,Centro,1602720,MARIA TERESA,Pacifico Norte & CO
918,1744,2017-09-14,Consultorio,Centro,425646,ADRIAN,Bienes de Occidente
919,1749,2017-09-18,Consultorio,Centro,873546,VICTOR,Bienestar Land
920,1752,2017-09-18,Consultorio,Centro,803300,MARIA ROSA,Mart B & C
921,1801,2017-10-03,Consultorio,Centro,1204722,MIRIAM,Mart B & C
922,1879,2017-11-05,Consultorio,Centro,265913,JOAQUIN,Bienes de Occidente
923,1881,2017-11-06,Consultorio,Centro,1174203,JOSE,The LandLord
924,1901,2017-11-14,Consultorio,Centro,917378,VICTOR,Too & A
925,1928,2017-11-23,Consultorio,Centro,1674903,ANA BELEN,Agora e Tudo MM
926,1985,2017-12-18,Consultorio,Centro,2789428,DAVID,Honduland
927,1999,2017-12-21,Consultorio,Centro,1693710,CARLOS,Agora e Tudo MM
928,2003,2017-12-23,Consultorio,Centro,1432500,JOSE LUIS,The LandLord
929,2012,2017-12-27,Consultorio,Centro,924866,JUAN MANUEL,The LandLord
930,1038,2017-01-05,Consultorio,Oeste,325326,ADRIAN,The LandLord
931,1064,2017-01-16,Consultorio,Oeste,607200,INES,The LandLord
932,1072,2017-01-19,Consultorio,Oeste,592152,FRANCISCA,Bienestar Land
933,1122,2017-02-08,Consultorio,Oeste,1339044,ALVARO,Bienestar Land
934,1124,2017-02-08,Consultorio,Oeste,1215344,JOSE ANTONIO,Agora e Tudo MM
935,1168,2017-02-21,Consultorio,Oeste,1136502,FRANCISCO JAVIER,JKP Asesores
936,1195,2017-03-01,Consultorio,Oeste,743360,ALEJANDRO,Bienes de Occidente
937,1209,2017-03-05,Consultorio,Oeste,395850,LUCIA,Pacifico Norte & CO
938,1218,2017-03-08,Consultorio,Oeste,1729416,MIGUEL,Honduland
939,1242,2017-03-17,Consultorio,Oeste,484200,JUAN JOSE,Pacifico Norte & CO
940,1250,2017-03-20,Consultorio,Oeste,1362843,VICTOR,Too & A
941,1256,2017-03-21,Consultorio,Oeste,1620192,MARIA ISABEL,Honduland
942,1273,2017-03-28,Consultorio,Oeste,1599233,VICTOR,Bienes de Occidente
943,1281,2017-04-01,Consultorio,Oeste,1004608,ALEJANDRO,Honduland
944,1285,2017-04-02,Consultorio,Oeste,682344,VICTOR,Pacifico Norte & CO
945,1320,2017-04-15,Consultorio,Oeste,841484,MARIA TERESA,JKP Asesores
946,1352,2017-04-24,Consultorio,Oeste,1064637,DOLORES,Pacifico Norte & CO
947,1449,2017-05-29,Consultorio,Oeste,706690,MARIA ELENA,Tierra y Paz
948,1509,2017-06-19,Consultorio,Oeste,2180628,JUAN MANUEL,Pacifico Norte & CO
949,1532,2017-06-28,Consultorio,Oeste,1542580,ALVARO,Too & A
950,1546,2017-07-04,Consultorio,Oeste,1294110,ALEJANDRO,The LandLord
951,1559,2017-07-10,Consultorio,Oeste,824688,DAVID,The LandLord
952,1638,2017-08-05,Consultorio,Oeste,1156808,VICTOR,Tierra y Paz
953,1689,2017-08-26,Consultorio,Oeste,581580,VICTOR,Bienestar Land
954,1713,2017-09-06,Consultorio,Oeste,1333434,JAIME,Honduland
955,1747,2017-09-17,Consultorio,Oeste,2183760,FRANCISCA,JKP Asesores
956,1825,2017-10-12,Consultorio,Oeste,2390750,LORENA,Mart B & C
957,1852,2017-10-25,Consultorio,Oeste,1421060,DANIELA,JKP Asesores
958,1869,2017-11-01,Consultorio,Oeste,1074332,ANA BELEN,Tierra y Paz
959,1929,2017-11-23,Consultorio,Oeste,854496,MARTA,The LandLord
960,1964,2017-12-10,Consultorio,Oeste,804344,MARIO,Tierra y Paz
961,1029,2017-01-02,Consultorio,Norte,1089181,MARIA ANGELES,Honduland
962,1086,2017-01-22,Consultorio,Norte,2546180,LORENA,JKP Asesores
963,1115,2017-02-05,Consultorio,Norte,963020,CRISTINA,JKP Asesores
964,1121,2017-02-07,Consultorio,Norte,1592624,DANIELA,Mart B & C
965,1137,2017-02-13,Consultorio,Norte,563475,JOSE,JKP Asesores
966,1150,2017-02-15,Consultorio,Norte,909090,DAVID,Too & A
967,1166,2017-02-20,Consultorio,Norte,1820540,JESUS,Honduland
968,1174,2017-02-23,Consultorio,Norte,322344,MIRIAM,Bienes de Occidente
969,1215,2017-03-07,Consultorio,Norte,293370,INES,Mart B & C
970,1216,2017-03-07,Consultorio,Norte,2688046,MARIA JOSE,Bienes de Occidente
971,1226,2017-03-11,Consultorio,Norte,1497195,MARIA ROSA,The LandLord
972,1235,2017-03-15,Consultorio,Norte,1673173,LAURA,Bienestar Land
973,1274,2017-03-28,Consultorio,Norte,1821771,JAIME,Agora e Tudo MM
974,1278,2017-03-30,Consultorio,Norte,1040028,DAVID,Bienes de Occidente
975,1313,2017-04-13,Consultorio,Norte,921195,JAIME,Agora e Tudo MM
976,1323,2017-04-16,Consultorio,Norte,431760,MARIA ANGELES,Honduland
977,1444,2017-05-26,Consultorio,Norte,958392,CARLOS,Bienes de Occidente
978,1462,2017-06-03,Consultorio,Norte,471440,SANTIAGO,Pacifico Norte & CO
979,1511,2017-06-20,Consultorio,Norte,1587063,JOAQUIN,Too & A
980,1513,2017-06-21,Consultorio,Norte,987040,JOSE,The LandLord
981,1515,2017-06-23,Consultorio,Norte,1689000,SANTIAGO,Tierra y Paz
982,1519,2017-06-25,Consultorio,Norte,659858,MARIA VICTORIA,Mart B & C
983,1566,2017-07-13,Consultorio,Norte,706440,FRANCISCO JAVIER,JKP Asesores
984,1568,2017-07-14,Consultorio,Norte,2005080,CRISTINA,JKP Asesores
985,1576,2017-07-17,Consultorio,Norte,2207286,MARIO,Bienestar Land
986,1610,2017-07-29,Consultorio,Norte,2292465,JAVIER,Mart B & C
987,1617,2017-07-31,Consultorio,Norte,685592,JOAQUIN,The LandLord
988,1653,2017-08-12,Consultorio,Norte,761928,MARIA VICTORIA,Mart B & C
989,1662,2017-08-14,Consultorio,Norte,1423007,DANIEL,Mart B & C
990,1680,2017-08-24,Consultorio,Norte,615440,MARIA VICTORIA,The LandLord
991,1686,2017-08-25,Consultorio,Norte,765815,JAIME,Bienes de Occidente
992,1688,2017-08-26,Consultorio,Norte,1923516,MARIO,The LandLord
993,1754,2017-09-18,Consultorio,Norte,433235,JUAN JOSE,Bienes de Occidente
994,1761,2017-09-23,Consultorio,Norte,1689316,JAIME,Bienes de Occidente
995,1783,2017-09-30,Consultorio,Norte,1506300,VICTOR,Too & A
996,1832,2017-10-15,Consultorio,Norte,1284568,FRANCISCA,Too & A
997,1833,2017-10-15,Consultorio,Norte,388583,CRISTINA,Bienes de Occidente
998,1874,2017-11-04,Consultorio,Norte,706560,ANTONIO,JKP Asesores
999,1889,2017-11-10,Consultorio,Norte,341584,SANTIAGO,Agora e Tudo MM
1000,1947,2017-11-30,Consultorio,Norte,1189936,JESUS,JKP Asesores
1001,2020,2017-12-29,Consultorio,Norte,322960,LUCIA,Bienes de Occidente
1002,1306,2017-04-11,Remates,Sur,2229812,ANTONIA,Too & A
1003,1781,2017-09-29,Remates,Sur,264385,ANTONIO,Pacifico Norte & CO
1004,1289,2017-04-02,Remates,Centro,1857807,EVA MARIA,Honduland
1005,1052,2017-01-09,Remates,Oeste,624600,JAIME,Bienes de Occidente
1006,1302,2017-04-08,Remates,Oeste,2371392,FRANCISCO,JKP Asesores
1007,1311,2017-04-12,Remates,Oeste,1059680,MANUEL,Tierra y Paz
1008,1310,2017-04-12,Remates,Norte,1517628,JUAN,Mart B & C
